Task Description,Date,Time
Send the email 22 September 2024 by 12:45,22 September 2024,12:45
Attend the seminar 15 September 2024 at 10:45,15 September 2024,10:45
Call the client 22 September 2024 at 16:15,22 September 2024,16:15
Prepare for the conference 15 September 2024 at 18:45,15 September 2024,18:45
Buy groceries 22 September 2024 around 12:15,22 September 2024,12:15
Submit the report 15 September 2024 by 14:45,15 September 2024,14:45
Submit the report 22 September 2024 by 19:45,22 September 2024,19:45
Prepare for the conference 15 September 2024 at 9:00,15 September 2024,9:00
Doctor's appointment 16 September 2024 at 11:45,16 September 2024,11:45
Submit the report 16 September 2024 by 15:15,16 September 2024,15:15
Call the client 22 September 2024 at 14:30,22 September 2024,14:30
Send the email 15 September 2024 by 13:15,15 September 2024,13:15
Call the client 16 September 2024 at 11:30,16 September 2024,11:30
Call the client 16 September 2024 at 17:00,16 September 2024,17:00
Prepare for the conference 16 September 2024 at 8:00,16 September 2024,8:00
Pay the bills 15 September 2024 before 15:15,15 September 2024,15:15
Pay the bills 16 September 2024 before 15:45,16 September 2024,15:45
Buy groceries 15 September 2024 around 10:15,15 September 2024,10:15
Buy groceries 16 September 2024 around 18:45,16 September 2024,18:45
Schedule a meeting 15 September 2024 at 11:45,15 September 2024,11:45
Attend the seminar 16 September 2024 at 16:30,16 September 2024,16:30
Attend the seminar 16 September 2024 at 17:15,16 September 2024,17:15
Buy groceries 15 September 2024 around 12:45,15 September 2024,12:45
Call the client 15 September 2024 at 11:45,15 September 2024,11:45
Doctor's appointment 22 September 2024 at 17:15,22 September 2024,17:15
Submit the report 22 September 2024 by 17:30,22 September 2024,17:30
Attend the seminar 15 September 2024 at 18:30,15 September 2024,18:30
Attend the seminar 22 September 2024 at 8:00,22 September 2024,8:00
Complete the assignment 22 September 2024 before due date 10:00,22 September 2024,10:00
Complete the assignment 22 September 2024 before due date 10:30,22 September 2024,10:30
Pay the bills 22 September 2024 before 10:15,22 September 2024,10:15
Send the email 15 September 2024 by 9:30,15 September 2024,9:30
Send the email 22 September 2024 by 8:00,22 September 2024,8:00
Call the client 16 September 2024 at 15:45,16 September 2024,15:45
Doctor's appointment 15 September 2024 at 12:45,15 September 2024,12:45
Complete the assignment 16 September 2024 before due date 10:30,16 September 2024,10:30
Doctor's appointment 15 September 2024 at 14:15,15 September 2024,14:15
Call the client 15 September 2024 at 14:15,15 September 2024,14:15
Prepare for the conference 16 September 2024 at 16:00,16 September 2024,16:00
Submit the report 15 September 2024 by 20:45,15 September 2024,20:45
Send the email 16 September 2024 by 16:45,16 September 2024,16:45
Schedule a meeting 15 September 2024 at 20:00,15 September 2024,20:00
Pay the bills 22 September 2024 before 19:15,22 September 2024,19:15
Send the email 15 September 2024 by 11:00,15 September 2024,11:00
Attend the seminar 22 September 2024 at 19:45,22 September 2024,19:45
Send the email 16 September 2024 by 15:30,16 September 2024,15:30
Prepare for the conference 22 September 2024 at 11:45,22 September 2024,11:45
Call the client 16 September 2024 at 20:00,16 September 2024,20:00
Doctor's appointment 16 September 2024 at 16:30,16 September 2024,16:30
Prepare for the conference 22 September 2024 at 16:45,22 September 2024,16:45
Pay the bills 16 September 2024 before 9:15,16 September 2024,9:15
Call the client 22 September 2024 at 18:30,22 September 2024,18:30
Submit the report 15 September 2024 by 17:00,15 September 2024,17:00
Pay the bills 16 September 2024 before 19:00,16 September 2024,19:00
Complete the assignment 22 September 2024 before due date 12:15,22 September 2024,12:15
Attend the seminar 15 September 2024 at 19:00,15 September 2024,19:00
Pay the bills 16 September 2024 before 9:15,16 September 2024,9:15
Prepare for the conference 16 September 2024 at 15:45,16 September 2024,15:45
Attend the seminar 16 September 2024 at 9:15,16 September 2024,9:15
Buy groceries 16 September 2024 around 17:30,16 September 2024,17:30
Schedule a meeting 15 September 2024 at 18:45,15 September 2024,18:45
Call the client 22 September 2024 at 19:00,22 September 2024,19:00
Schedule a meeting 15 September 2024 at 19:30,15 September 2024,19:30
Doctor's appointment 15 September 2024 at 13:45,15 September 2024,13:45
Doctor's appointment 16 September 2024 at 19:30,16 September 2024,19:30
Submit the report 15 September 2024 by 12:00,15 September 2024,12:00
Pay the bills 15 September 2024 before 20:00,15 September 2024,20:00
Schedule a meeting 15 September 2024 at 8:45,15 September 2024,8:45
Schedule a meeting 22 September 2024 at 15:00,22 September 2024,15:00
Doctor's appointment 15 September 2024 at 19:15,15 September 2024,19:15
Prepare for the conference 22 September 2024 at 10:15,22 September 2024,10:15
Schedule a meeting 16 September 2024 at 15:45,16 September 2024,15:45
Schedule a meeting 22 September 2024 at 18:45,22 September 2024,18:45
Doctor's appointment 22 September 2024 at 18:15,22 September 2024,18:15
Buy groceries 15 September 2024 around 8:15,15 September 2024,8:15
Pay the bills 22 September 2024 before 10:30,22 September 2024,10:30
Complete the assignment 15 September 2024 before due date 10:00,15 September 2024,10:00
Attend the seminar 22 September 2024 at 9:30,22 September 2024,9:30
Submit the report 15 September 2024 by 8:30,15 September 2024,8:30
Call the client 22 September 2024 at 10:00,22 September 2024,10:00
Prepare for the conference 15 September 2024 at 14:15,15 September 2024,14:15
Prepare for the conference 16 September 2024 at 19:30,16 September 2024,19:30
Complete the assignment 16 September 2024 before due date 14:00,16 September 2024,14:00
Call the client 22 September 2024 at 10:45,22 September 2024,10:45
Send the email 16 September 2024 by 10:30,16 September 2024,10:30
Schedule a meeting 15 September 2024 at 15:00,15 September 2024,15:00
Schedule a meeting 16 September 2024 at 8:00,16 September 2024,8:00
Buy groceries 22 September 2024 around 11:15,22 September 2024,11:15
Send the email 22 September 2024 by 16:45,22 September 2024,16:45
Complete the assignment 15 September 2024 before due date 20:00,15 September 2024,20:00
Buy groceries 15 September 2024 around 14:00,15 September 2024,14:00
Call the client 22 September 2024 at 13:00,22 September 2024,13:00
Schedule a meeting 15 September 2024 at 9:15,15 September 2024,9:15
Submit the report 22 September 2024 by 8:00,22 September 2024,8:00
Doctor's appointment 15 September 2024 at 19:30,15 September 2024,19:30
Pay the bills 16 September 2024 before 15:30,16 September 2024,15:30
Prepare for the conference 22 September 2024 at 19:15,22 September 2024,19:15
Schedule a meeting 16 September 2024 at 13:45,16 September 2024,13:45
Buy groceries 22 September 2024 around 19:45,22 September 2024,19:45
Complete the assignment 16 September 2024 before due date 8:45,16 September 2024,8:45
Attend the seminar 22 September 2024 at 8:15,22 September 2024,8:15
Submit the report 22 September 2024 by 16:00,22 September 2024,16:00
Submit the report 16 September 2024 by 14:45,16 September 2024,14:45
Pay the bills 22 September 2024 before 19:15,22 September 2024,19:15
Schedule a meeting 15 September 2024 at 19:00,15 September 2024,19:00
Schedule a meeting 22 September 2024 at 9:45,22 September 2024,9:45
Pay the bills 15 September 2024 before 20:45,15 September 2024,20:45
Buy groceries 15 September 2024 around 11:15,15 September 2024,11:15
Schedule a meeting 22 September 2024 at 16:00,22 September 2024,16:00
Complete the assignment 22 September 2024 before due date 20:00,22 September 2024,20:00
Schedule a meeting 22 September 2024 at 18:30,22 September 2024,18:30
Pay the bills 16 September 2024 before 16:15,16 September 2024,16:15
Attend the seminar 15 September 2024 at 17:15,15 September 2024,17:15
Schedule a meeting 22 September 2024 at 16:15,22 September 2024,16:15
Attend the seminar 22 September 2024 at 15:15,22 September 2024,15:15
Attend the seminar 16 September 2024 at 14:15,16 September 2024,14:15
Complete the assignment 16 September 2024 before due date 19:00,16 September 2024,19:00
Attend the seminar 22 September 2024 at 17:15,22 September 2024,17:15
Buy groceries 22 September 2024 around 10:00,22 September 2024,10:00
Schedule a meeting 22 September 2024 at 17:45,22 September 2024,17:45
Send the email 22 September 2024 by 18:30,22 September 2024,18:30
Pay the bills 16 September 2024 before 11:00,16 September 2024,11:00
Buy groceries 16 September 2024 around 8:00,16 September 2024,8:00
Attend the seminar 15 September 2024 at 11:45,15 September 2024,11:45
Doctor's appointment 16 September 2024 at 19:30,16 September 2024,19:30
Pay the bills 16 September 2024 before 19:00,16 September 2024,19:00
Send the email 15 September 2024 by 9:45,15 September 2024,9:45
Pay the bills 15 September 2024 before 17:30,15 September 2024,17:30
Buy groceries 15 September 2024 around 19:45,15 September 2024,19:45
Send the email 16 September 2024 by 9:30,16 September 2024,9:30
Buy groceries 15 September 2024 around 8:30,15 September 2024,8:30
Schedule a meeting 15 September 2024 at 9:45,15 September 2024,9:45
Send the email 16 September 2024 by 9:00,16 September 2024,9:00
Submit the report 16 September 2024 by 16:30,16 September 2024,16:30
Prepare for the conference 16 September 2024 at 12:15,16 September 2024,12:15
Attend the seminar 22 September 2024 at 10:00,22 September 2024,10:00
Call the client 22 September 2024 at 10:00,22 September 2024,10:00
Pay the bills 16 September 2024 before 14:15,16 September 2024,14:15
Pay the bills 22 September 2024 before 17:45,22 September 2024,17:45
Prepare for the conference 22 September 2024 at 16:00,22 September 2024,16:00
Schedule a meeting 15 September 2024 at 15:30,15 September 2024,15:30
Schedule a meeting 15 September 2024 at 17:45,15 September 2024,17:45
Doctor's appointment 15 September 2024 at 10:15,15 September 2024,10:15
Submit the report 15 September 2024 by 14:15,15 September 2024,14:15
Call the client 16 September 2024 at 16:15,16 September 2024,16:15
Attend the seminar 16 September 2024 at 16:15,16 September 2024,16:15
Send the email 16 September 2024 by 10:00,16 September 2024,10:00
Schedule a meeting 16 September 2024 at 15:45,16 September 2024,15:45
Submit the report 16 September 2024 by 8:15,16 September 2024,8:15
Call the client 22 September 2024 at 20:15,22 September 2024,20:15
Complete the assignment 16 September 2024 before due date 11:30,16 September 2024,11:30
Pay the bills 22 September 2024 before 12:30,22 September 2024,12:30
Call the client 16 September 2024 at 15:30,16 September 2024,15:30
Schedule a meeting 15 September 2024 at 10:00,15 September 2024,10:00
Doctor's appointment 22 September 2024 at 11:15,22 September 2024,11:15
Call the client 22 September 2024 at 11:30,22 September 2024,11:30
Submit the report 15 September 2024 by 15:00,15 September 2024,15:00
Buy groceries 15 September 2024 around 9:15,15 September 2024,9:15
Prepare for the conference 22 September 2024 at 11:45,22 September 2024,11:45
Prepare for the conference 15 September 2024 at 16:15,15 September 2024,16:15
Submit the report 15 September 2024 by 11:45,15 September 2024,11:45
Pay the bills 15 September 2024 before 17:45,15 September 2024,17:45
Send the email 15 September 2024 by 14:45,15 September 2024,14:45
Send the email 15 September 2024 by 17:15,15 September 2024,17:15
Attend the seminar 16 September 2024 at 16:15,16 September 2024,16:15
Submit the report 16 September 2024 by 8:00,16 September 2024,8:00
Submit the report 16 September 2024 by 12:45,16 September 2024,12:45
Doctor's appointment 15 September 2024 at 8:15,15 September 2024,8:15
Call the client 22 September 2024 at 9:15,22 September 2024,9:15
Buy groceries 15 September 2024 around 8:00,15 September 2024,8:00
Buy groceries 16 September 2024 around 13:30,16 September 2024,13:30
Prepare for the conference 22 September 2024 at 17:00,22 September 2024,17:00
Buy groceries 16 September 2024 around 13:00,16 September 2024,13:00
Complete the assignment 15 September 2024 before due date 16:45,15 September 2024,16:45
Send the email 15 September 2024 by 18:45,15 September 2024,18:45
Send the email 22 September 2024 by 8:30,22 September 2024,8:30
Doctor's appointment 22 September 2024 at 9:45,22 September 2024,9:45
Attend the seminar 16 September 2024 at 8:45,16 September 2024,8:45
Complete the assignment 22 September 2024 before due date 18:30,22 September 2024,18:30
Buy groceries 22 September 2024 around 16:30,22 September 2024,16:30
Submit the report 15 September 2024 by 13:00,15 September 2024,13:00
Prepare for the conference 15 September 2024 at 13:30,15 September 2024,13:30
Send the email 22 September 2024 by 19:30,22 September 2024,19:30
Schedule a meeting 16 September 2024 at 12:15,16 September 2024,12:15
Schedule a meeting 15 September 2024 at 8:15,15 September 2024,8:15
Submit the report 15 September 2024 by 16:15,15 September 2024,16:15
Buy groceries 16 September 2024 around 18:30,16 September 2024,18:30
Buy groceries 15 September 2024 around 9:30,15 September 2024,9:30
Submit the report 15 September 2024 by 14:00,15 September 2024,14:00
Attend the seminar 22 September 2024 at 9:00,22 September 2024,9:00
Call the client 15 September 2024 at 16:45,15 September 2024,16:45
Doctor's appointment 22 September 2024 at 17:00,22 September 2024,17:00
Doctor's appointment 22 September 2024 at 19:15,22 September 2024,19:15
Send the email 22 September 2024 by 20:00,22 September 2024,20:00
Buy groceries 22 September 2024 around 16:15,22 September 2024,16:15
Prepare for the conference 16 September 2024 at 14:15,16 September 2024,14:15
Submit the report 22 September 2024 by 15:45,22 September 2024,15:45
Doctor's appointment 15 September 2024 at 20:45,15 September 2024,20:45
Schedule a meeting 15 September 2024 at 13:00,15 September 2024,13:00
Schedule a meeting 16 September 2024 at 9:00,16 September 2024,9:00
Submit the report 15 September 2024 by 20:00,15 September 2024,20:00
Attend the seminar 22 September 2024 at 17:30,22 September 2024,17:30
Submit the report 15 September 2024 by 12:45,15 September 2024,12:45
Call the client 16 September 2024 at 13:45,16 September 2024,13:45
Submit the report 16 September 2024 by 12:45,16 September 2024,12:45
Pay the bills 22 September 2024 before 15:00,22 September 2024,15:00
Send the email 22 September 2024 by 12:00,22 September 2024,12:00
Call the client 16 September 2024 at 18:15,16 September 2024,18:15
Attend the seminar 15 September 2024 at 19:00,15 September 2024,19:00
Attend the seminar 15 September 2024 at 15:00,15 September 2024,15:00
Submit the report 22 September 2024 by 20:15,22 September 2024,20:15
Complete the assignment 22 September 2024 before due date 9:45,22 September 2024,9:45
Schedule a meeting 16 September 2024 at 11:00,16 September 2024,11:00
Prepare for the conference 22 September 2024 at 20:15,22 September 2024,20:15
Buy groceries 22 September 2024 around 8:30,22 September 2024,8:30
Pay the bills 16 September 2024 before 13:00,16 September 2024,13:00
Call the client 15 September 2024 at 17:30,15 September 2024,17:30
Doctor's appointment 22 September 2024 at 18:30,22 September 2024,18:30
Send the email 15 September 2024 by 16:30,15 September 2024,16:30
Complete the assignment 22 September 2024 before due date 15:00,22 September 2024,15:00
Prepare for the conference 15 September 2024 at 19:00,15 September 2024,19:00
Pay the bills 22 September 2024 before 16:15,22 September 2024,16:15
Complete the assignment 22 September 2024 before due date 13:30,22 September 2024,13:30
Schedule a meeting 15 September 2024 at 8:30,15 September 2024,8:30
Schedule a meeting 16 September 2024 at 18:30,16 September 2024,18:30
Attend the seminar 15 September 2024 at 10:15,15 September 2024,10:15
Schedule a meeting 16 September 2024 at 19:00,16 September 2024,19:00
Send the email 16 September 2024 by 18:45,16 September 2024,18:45
Call the client 15 September 2024 at 14:45,15 September 2024,14:45
Call the client 15 September 2024 at 14:15,15 September 2024,14:15
Send the email 16 September 2024 by 19:45,16 September 2024,19:45
Attend the seminar 16 September 2024 at 11:15,16 September 2024,11:15
Doctor's appointment 15 September 2024 at 17:30,15 September 2024,17:30
Prepare for the conference 15 September 2024 at 14:45,15 September 2024,14:45
Pay the bills 15 September 2024 before 8:30,15 September 2024,8:30
Submit the report 16 September 2024 by 15:30,16 September 2024,15:30
Send the email 22 September 2024 by 18:30,22 September 2024,18:30
Submit the report 15 September 2024 by 18:45,15 September 2024,18:45
Doctor's appointment 15 September 2024 at 17:45,15 September 2024,17:45
Schedule a meeting 22 September 2024 at 17:15,22 September 2024,17:15
Send the email 22 September 2024 by 8:15,22 September 2024,8:15
Complete the assignment 22 September 2024 before due date 12:15,22 September 2024,12:15
Buy groceries 22 September 2024 around 20:45,22 September 2024,20:45
Schedule a meeting 22 September 2024 at 16:45,22 September 2024,16:45
Send the email 15 September 2024 by 17:15,15 September 2024,17:15
Submit the report 22 September 2024 by 11:15,22 September 2024,11:15
Buy groceries 22 September 2024 around 16:30,22 September 2024,16:30
Prepare for the conference 22 September 2024 at 14:15,22 September 2024,14:15
Send the email 16 September 2024 by 16:15,16 September 2024,16:15
Attend the seminar 15 September 2024 at 15:00,15 September 2024,15:00
Complete the assignment 16 September 2024 before due date 20:15,16 September 2024,20:15
Complete the assignment 15 September 2024 before due date 12:15,15 September 2024,12:15
Call the client 22 September 2024 at 20:00,22 September 2024,20:00
Schedule a meeting 15 September 2024 at 17:45,15 September 2024,17:45
Prepare for the conference 16 September 2024 at 8:15,16 September 2024,8:15
Prepare for the conference 15 September 2024 at 16:45,15 September 2024,16:45
Pay the bills 22 September 2024 before 16:30,22 September 2024,16:30
Attend the seminar 22 September 2024 at 11:00,22 September 2024,11:00
Attend the seminar 15 September 2024 at 19:15,15 September 2024,19:15
Attend the seminar 16 September 2024 at 16:30,16 September 2024,16:30
Call the client 22 September 2024 at 16:00,22 September 2024,16:00
Pay the bills 16 September 2024 before 13:30,16 September 2024,13:30
Attend the seminar 22 September 2024 at 16:00,22 September 2024,16:00
Call the client 15 September 2024 at 15:00,15 September 2024,15:00
Complete the assignment 22 September 2024 before due date 12:45,22 September 2024,12:45
Attend the seminar 15 September 2024 at 16:15,15 September 2024,16:15
Send the email 15 September 2024 by 10:30,15 September 2024,10:30
Call the client 16 September 2024 at 8:15,16 September 2024,8:15
Call the client 15 September 2024 at 10:00,15 September 2024,10:00
Attend the seminar 16 September 2024 at 19:30,16 September 2024,19:30
Buy groceries 15 September 2024 around 15:15,15 September 2024,15:15
Complete the assignment 15 September 2024 before due date 17:30,15 September 2024,17:30
Doctor's appointment 15 September 2024 at 12:45,15 September 2024,12:45
Attend the seminar 16 September 2024 at 13:00,16 September 2024,13:00
Submit the report 16 September 2024 by 16:45,16 September 2024,16:45
Call the client 15 September 2024 at 17:15,15 September 2024,17:15
Doctor's appointment 16 September 2024 at 19:45,16 September 2024,19:45
Send the email 15 September 2024 by 12:45,15 September 2024,12:45
Buy groceries 16 September 2024 around 15:30,16 September 2024,15:30
Doctor's appointment 22 September 2024 at 14:15,22 September 2024,14:15
Doctor's appointment 16 September 2024 at 18:00,16 September 2024,18:00
Prepare for the conference 15 September 2024 at 13:00,15 September 2024,13:00
Attend the seminar 15 September 2024 at 8:15,15 September 2024,8:15
Submit the report 22 September 2024 by 16:00,22 September 2024,16:00
Prepare for the conference 16 September 2024 at 13:30,16 September 2024,13:30
Schedule a meeting 16 September 2024 at 17:00,16 September 2024,17:00
Send the email 16 September 2024 by 19:00,16 September 2024,19:00
Doctor's appointment 15 September 2024 at 17:00,15 September 2024,17:00
Complete the assignment 16 September 2024 before due date 19:00,16 September 2024,19:00
Prepare for the conference 22 September 2024 at 12:00,22 September 2024,12:00
Prepare for the conference 15 September 2024 at 17:45,15 September 2024,17:45
Send the email 15 September 2024 by 16:15,15 September 2024,16:15
Doctor's appointment 15 September 2024 at 20:15,15 September 2024,20:15
Prepare for the conference 22 September 2024 at 9:45,22 September 2024,9:45
Attend the seminar 15 September 2024 at 14:00,15 September 2024,14:00
Submit the report 16 September 2024 by 20:00,16 September 2024,20:00
Complete the assignment 16 September 2024 before due date 14:00,16 September 2024,14:00
Buy groceries 15 September 2024 around 10:30,15 September 2024,10:30
Prepare for the conference 15 September 2024 at 10:45,15 September 2024,10:45
Pay the bills 16 September 2024 before 15:30,16 September 2024,15:30
Buy groceries 15 September 2024 around 10:45,15 September 2024,10:45
Pay the bills 15 September 2024 before 12:00,15 September 2024,12:00
Prepare for the conference 15 September 2024 at 12:30,15 September 2024,12:30
Submit the report 16 September 2024 by 16:45,16 September 2024,16:45
Pay the bills 22 September 2024 before 11:30,22 September 2024,11:30
Prepare for the conference 15 September 2024 at 11:00,15 September 2024,11:00
Schedule a meeting 15 September 2024 at 10:30,15 September 2024,10:30
Prepare for the conference 22 September 2024 at 8:15,22 September 2024,8:15
Complete the assignment 16 September 2024 before due date 14:45,16 September 2024,14:45
Attend the seminar 22 September 2024 at 20:45,22 September 2024,20:45
Attend the seminar 16 September 2024 at 18:15,16 September 2024,18:15
Attend the seminar 22 September 2024 at 15:45,22 September 2024,15:45
Doctor's appointment 15 September 2024 at 8:30,15 September 2024,8:30
Submit the report 16 September 2024 by 19:30,16 September 2024,19:30
Complete the assignment 15 September 2024 before due date 11:15,15 September 2024,11:15
Doctor's appointment 15 September 2024 at 11:30,15 September 2024,11:30
Submit the report 22 September 2024 by 18:30,22 September 2024,18:30
Submit the report 22 September 2024 by 12:15,22 September 2024,12:15
Pay the bills 15 September 2024 before 12:45,15 September 2024,12:45
Send the email 22 September 2024 by 16:00,22 September 2024,16:00
Call the client 22 September 2024 at 10:00,22 September 2024,10:00
Submit the report 22 September 2024 by 9:45,22 September 2024,9:45
Call the client 22 September 2024 at 11:15,22 September 2024,11:15
Submit the report 22 September 2024 by 14:30,22 September 2024,14:30
Doctor's appointment 22 September 2024 at 8:45,22 September 2024,8:45
Schedule a meeting 15 September 2024 at 12:00,15 September 2024,12:00
Prepare for the conference 15 September 2024 at 15:45,15 September 2024,15:45
Pay the bills 15 September 2024 before 17:45,15 September 2024,17:45
Submit the report 15 September 2024 by 10:15,15 September 2024,10:15
Doctor's appointment 15 September 2024 at 15:45,15 September 2024,15:45
Prepare for the conference 15 September 2024 at 17:30,15 September 2024,17:30
Buy groceries 22 September 2024 around 17:00,22 September 2024,17:00
Pay the bills 22 September 2024 before 19:15,22 September 2024,19:15
Prepare for the conference 15 September 2024 at 10:30,15 September 2024,10:30
Send the email 22 September 2024 by 15:30,22 September 2024,15:30
Submit the report 16 September 2024 by 18:45,16 September 2024,18:45
Call the client 22 September 2024 at 17:30,22 September 2024,17:30
Doctor's appointment 15 September 2024 at 14:15,15 September 2024,14:15
Complete the assignment 22 September 2024 before due date 17:00,22 September 2024,17:00
Call the client 15 September 2024 at 19:30,15 September 2024,19:30
Complete the assignment 16 September 2024 before due date 11:15,16 September 2024,11:15
Pay the bills 16 September 2024 before 8:15,16 September 2024,8:15
Doctor's appointment 22 September 2024 at 13:45,22 September 2024,13:45
Call the client 15 September 2024 at 16:00,15 September 2024,16:00
Doctor's appointment 22 September 2024 at 17:00,22 September 2024,17:00
Buy groceries 16 September 2024 around 12:00,16 September 2024,12:00
Pay the bills 16 September 2024 before 12:00,16 September 2024,12:00
Call the client 16 September 2024 at 20:00,16 September 2024,20:00
Submit the report 22 September 2024 by 8:00,22 September 2024,8:00
Schedule a meeting 16 September 2024 at 11:45,16 September 2024,11:45
Submit the report 16 September 2024 by 15:45,16 September 2024,15:45
Doctor's appointment 22 September 2024 at 18:45,22 September 2024,18:45
Buy groceries 22 September 2024 around 9:00,22 September 2024,9:00
Buy groceries 16 September 2024 around 12:30,16 September 2024,12:30
Pay the bills 22 September 2024 before 18:30,22 September 2024,18:30
Call the client 22 September 2024 at 9:00,22 September 2024,9:00
Buy groceries 16 September 2024 around 19:45,16 September 2024,19:45
Doctor's appointment 22 September 2024 at 11:00,22 September 2024,11:00
Buy groceries 16 September 2024 around 8:30,16 September 2024,8:30
Complete the assignment 16 September 2024 before due date 15:00,16 September 2024,15:00
Doctor's appointment 15 September 2024 at 19:15,15 September 2024,19:15
Submit the report 16 September 2024 by 19:45,16 September 2024,19:45
Schedule a meeting 16 September 2024 at 10:45,16 September 2024,10:45
Buy groceries 22 September 2024 around 9:00,22 September 2024,9:00
Prepare for the conference 16 September 2024 at 13:30,16 September 2024,13:30
Schedule a meeting 16 September 2024 at 17:15,16 September 2024,17:15
Pay the bills 22 September 2024 before 19:30,22 September 2024,19:30
Attend the seminar 15 September 2024 at 10:45,15 September 2024,10:45
Complete the assignment 22 September 2024 before due date 15:15,22 September 2024,15:15
Complete the assignment 15 September 2024 before due date 10:30,15 September 2024,10:30
Doctor's appointment 22 September 2024 at 16:00,22 September 2024,16:00
Buy groceries 16 September 2024 around 19:00,16 September 2024,19:00
Complete the assignment 22 September 2024 before due date 11:30,22 September 2024,11:30
Submit the report 15 September 2024 by 13:15,15 September 2024,13:15
Buy groceries 16 September 2024 around 12:15,16 September 2024,12:15
Prepare for the conference 16 September 2024 at 20:15,16 September 2024,20:15
Schedule a meeting 22 September 2024 at 11:15,22 September 2024,11:15
Complete the assignment 15 September 2024 before due date 15:30,15 September 2024,15:30
Submit the report 16 September 2024 by 16:45,16 September 2024,16:45
Complete the assignment 16 September 2024 before due date 11:15,16 September 2024,11:15
Attend the seminar 22 September 2024 at 8:15,22 September 2024,8:15
Call the client 16 September 2024 at 17:30,16 September 2024,17:30
Schedule a meeting 22 September 2024 at 17:15,22 September 2024,17:15
Send the email 16 September 2024 by 17:45,16 September 2024,17:45
Attend the seminar 15 September 2024 at 11:30,15 September 2024,11:30
Call the client 22 September 2024 at 13:45,22 September 2024,13:45
Call the client 22 September 2024 at 15:30,22 September 2024,15:30
Doctor's appointment 22 September 2024 at 18:15,22 September 2024,18:15
Submit the report 16 September 2024 by 12:15,16 September 2024,12:15
Send the email 16 September 2024 by 8:45,16 September 2024,8:45
Call the client 16 September 2024 at 11:00,16 September 2024,11:00
Attend the seminar 22 September 2024 at 17:00,22 September 2024,17:00
Pay the bills 16 September 2024 before 14:30,16 September 2024,14:30
Attend the seminar 22 September 2024 at 19:15,22 September 2024,19:15
Attend the seminar 16 September 2024 at 12:45,16 September 2024,12:45
Call the client 15 September 2024 at 11:15,15 September 2024,11:15
Complete the assignment 16 September 2024 before due date 16:00,16 September 2024,16:00
Prepare for the conference 15 September 2024 at 17:30,15 September 2024,17:30
Schedule a meeting 22 September 2024 at 11:15,22 September 2024,11:15
Complete the assignment 22 September 2024 before due date 13:15,22 September 2024,13:15
Schedule a meeting 16 September 2024 at 17:15,16 September 2024,17:15
Submit the report 16 September 2024 by 20:15,16 September 2024,20:15
Complete the assignment 16 September 2024 before due date 16:30,16 September 2024,16:30
Complete the assignment 15 September 2024 before due date 19:45,15 September 2024,19:45
Prepare for the conference 15 September 2024 at 17:15,15 September 2024,17:15
Send the email 22 September 2024 by 12:30,22 September 2024,12:30
Send the email 15 September 2024 by 18:30,15 September 2024,18:30
Buy groceries 15 September 2024 around 14:30,15 September 2024,14:30
Call the client 16 September 2024 at 16:30,16 September 2024,16:30
Prepare for the conference 22 September 2024 at 11:45,22 September 2024,11:45
Schedule a meeting 22 September 2024 at 17:00,22 September 2024,17:00
Doctor's appointment 15 September 2024 at 17:45,15 September 2024,17:45
Pay the bills 16 September 2024 before 17:45,16 September 2024,17:45
Submit the report 15 September 2024 by 20:30,15 September 2024,20:30
Pay the bills 22 September 2024 before 15:00,22 September 2024,15:00
Doctor's appointment 15 September 2024 at 14:30,15 September 2024,14:30
Submit the report 15 September 2024 by 13:00,15 September 2024,13:00
Doctor's appointment 15 September 2024 at 13:45,15 September 2024,13:45
Call the client 15 September 2024 at 16:30,15 September 2024,16:30
Send the email 22 September 2024 by 16:00,22 September 2024,16:00
Pay the bills 22 September 2024 before 15:45,22 September 2024,15:45
Call the client 16 September 2024 at 19:15,16 September 2024,19:15
Complete the assignment 15 September 2024 before due date 19:15,15 September 2024,19:15
Pay the bills 22 September 2024 before 13:00,22 September 2024,13:00
Doctor's appointment 16 September 2024 at 19:30,16 September 2024,19:30
Schedule a meeting 16 September 2024 at 17:15,16 September 2024,17:15
Prepare for the conference 16 September 2024 at 8:15,16 September 2024,8:15
Prepare for the conference 15 September 2024 at 19:15,15 September 2024,19:15
Doctor's appointment 16 September 2024 at 15:15,16 September 2024,15:15
Attend the seminar 16 September 2024 at 10:30,16 September 2024,10:30
Attend the seminar 15 September 2024 at 18:45,15 September 2024,18:45
Pay the bills 15 September 2024 before 13:00,15 September 2024,13:00
Doctor's appointment 15 September 2024 at 13:45,15 September 2024,13:45
Prepare for the conference 16 September 2024 at 12:30,16 September 2024,12:30
Send the email 16 September 2024 by 15:30,16 September 2024,15:30
Submit the report 15 September 2024 by 19:15,15 September 2024,19:15
Call the client 22 September 2024 at 16:30,22 September 2024,16:30
Call the client 15 September 2024 at 19:15,15 September 2024,19:15
Buy groceries 22 September 2024 around 13:45,22 September 2024,13:45
Attend the seminar 15 September 2024 at 12:15,15 September 2024,12:15
Submit the report 22 September 2024 by 11:30,22 September 2024,11:30
Doctor's appointment 16 September 2024 at 14:30,16 September 2024,14:30
Send the email 16 September 2024 by 8:00,16 September 2024,8:00
Complete the assignment 16 September 2024 before due date 11:15,16 September 2024,11:15
Submit the report 22 September 2024 by 15:15,22 September 2024,15:15
Send the email 22 September 2024 by 16:15,22 September 2024,16:15
Send the email 22 September 2024 by 8:30,22 September 2024,8:30
Call the client 15 September 2024 at 11:45,15 September 2024,11:45
Complete the assignment 22 September 2024 before due date 11:15,22 September 2024,11:15
Send the email 22 September 2024 by 16:15,22 September 2024,16:15
Complete the assignment 16 September 2024 before due date 9:15,16 September 2024,9:15
Complete the assignment 16 September 2024 before due date 9:15,16 September 2024,9:15
Submit the report 15 September 2024 by 8:15,15 September 2024,8:15
Call the client 16 September 2024 at 13:45,16 September 2024,13:45
Complete the assignment 15 September 2024 before due date 19:15,15 September 2024,19:15
Submit the report 15 September 2024 by 17:15,15 September 2024,17:15
Buy groceries 15 September 2024 around 19:00,15 September 2024,19:00
Doctor's appointment 22 September 2024 at 15:00,22 September 2024,15:00
Send the email 15 September 2024 by 18:15,15 September 2024,18:15
Pay the bills 22 September 2024 before 10:00,22 September 2024,10:00
Prepare for the conference 22 September 2024 at 20:45,22 September 2024,20:45
Attend the seminar 16 September 2024 at 14:15,16 September 2024,14:15
Doctor's appointment 16 September 2024 at 10:30,16 September 2024,10:30
Schedule a meeting 15 September 2024 at 15:15,15 September 2024,15:15
Submit the report 22 September 2024 by 10:45,22 September 2024,10:45
Buy groceries 15 September 2024 around 9:45,15 September 2024,9:45
Call the client 15 September 2024 at 20:00,15 September 2024,20:00
Attend the seminar 16 September 2024 at 20:15,16 September 2024,20:15
Submit the report 16 September 2024 by 17:45,16 September 2024,17:45
Pay the bills 22 September 2024 before 13:45,22 September 2024,13:45
Attend the seminar 16 September 2024 at 10:30,16 September 2024,10:30
Pay the bills 15 September 2024 before 14:15,15 September 2024,14:15
Submit the report 15 September 2024 by 19:00,15 September 2024,19:00
Pay the bills 22 September 2024 before 11:30,22 September 2024,11:30
Submit the report 15 September 2024 by 10:15,15 September 2024,10:15
Doctor's appointment 16 September 2024 at 12:15,16 September 2024,12:15
Send the email 22 September 2024 by 17:00,22 September 2024,17:00
Buy groceries 15 September 2024 around 15:15,15 September 2024,15:15
Submit the report 16 September 2024 by 11:45,16 September 2024,11:45
Doctor's appointment 22 September 2024 at 19:00,22 September 2024,19:00
Doctor's appointment 15 September 2024 at 17:45,15 September 2024,17:45
Prepare for the conference 22 September 2024 at 11:00,22 September 2024,11:00
Schedule a meeting 16 September 2024 at 14:15,16 September 2024,14:15
Pay the bills 22 September 2024 before 10:30,22 September 2024,10:30
Prepare for the conference 16 September 2024 at 13:00,16 September 2024,13:00
Attend the seminar 15 September 2024 at 13:15,15 September 2024,13:15
Doctor's appointment 15 September 2024 at 16:15,15 September 2024,16:15
Complete the assignment 16 September 2024 before due date 8:30,16 September 2024,8:30
Complete the assignment 22 September 2024 before due date 19:15,22 September 2024,19:15
Pay the bills 22 September 2024 before 18:00,22 September 2024,18:00
Schedule a meeting 22 September 2024 at 10:30,22 September 2024,10:30
Complete the assignment 22 September 2024 before due date 19:30,22 September 2024,19:30
Pay the bills 22 September 2024 before 17:15,22 September 2024,17:15
Prepare for the conference 22 September 2024 at 17:45,22 September 2024,17:45
Complete the assignment 22 September 2024 before due date 12:30,22 September 2024,12:30
Buy groceries 15 September 2024 around 13:45,15 September 2024,13:45
Doctor's appointment 15 September 2024 at 12:30,15 September 2024,12:30
Submit the report 16 September 2024 by 15:15,16 September 2024,15:15
Schedule a meeting 16 September 2024 at 20:30,16 September 2024,20:30
Pay the bills 16 September 2024 before 14:00,16 September 2024,14:00
Attend the seminar 16 September 2024 at 14:45,16 September 2024,14:45
Pay the bills 15 September 2024 before 13:00,15 September 2024,13:00
Schedule a meeting 16 September 2024 at 14:00,16 September 2024,14:00
Buy groceries 22 September 2024 around 18:15,22 September 2024,18:15
Doctor's appointment 16 September 2024 at 19:00,16 September 2024,19:00
Doctor's appointment 22 September 2024 at 11:00,22 September 2024,11:00
Attend the seminar 22 September 2024 at 11:45,22 September 2024,11:45
Buy groceries 16 September 2024 around 19:15,16 September 2024,19:15
Schedule a meeting 15 September 2024 at 10:00,15 September 2024,10:00
Buy groceries 16 September 2024 around 12:15,16 September 2024,12:15
Pay the bills 15 September 2024 before 16:15,15 September 2024,16:15
Call the client 16 September 2024 at 16:30,16 September 2024,16:30
Prepare for the conference 22 September 2024 at 10:45,22 September 2024,10:45
Call the client 15 September 2024 at 17:00,15 September 2024,17:00
Attend the seminar 15 September 2024 at 18:30,15 September 2024,18:30
Schedule a meeting 15 September 2024 at 14:30,15 September 2024,14:30
Submit the report 15 September 2024 by 20:00,15 September 2024,20:00
Doctor's appointment 22 September 2024 at 10:45,22 September 2024,10:45
Attend the seminar 15 September 2024 at 14:45,15 September 2024,14:45
Schedule a meeting 16 September 2024 at 14:15,16 September 2024,14:15
Send the email 22 September 2024 by 17:45,22 September 2024,17:45
Complete the assignment 22 September 2024 before due date 18:00,22 September 2024,18:00
Schedule a meeting 22 September 2024 at 11:00,22 September 2024,11:00
Complete the assignment 22 September 2024 before due date 13:30,22 September 2024,13:30
Buy groceries 15 September 2024 around 11:15,15 September 2024,11:15
Submit the report 15 September 2024 by 19:45,15 September 2024,19:45
Doctor's appointment 16 September 2024 at 15:30,16 September 2024,15:30
Submit the report 15 September 2024 by 8:00,15 September 2024,8:00
Submit the report 16 September 2024 by 20:30,16 September 2024,20:30
Send the email 15 September 2024 by 12:30,15 September 2024,12:30
Submit the report 16 September 2024 by 12:45,16 September 2024,12:45
Buy groceries 15 September 2024 around 12:45,15 September 2024,12:45
Send the email 15 September 2024 by 18:00,15 September 2024,18:00
Buy groceries 15 September 2024 around 13:30,15 September 2024,13:30
Doctor's appointment 22 September 2024 at 20:15,22 September 2024,20:15
Complete the assignment 16 September 2024 before due date 18:15,16 September 2024,18:15
Pay the bills 16 September 2024 before 17:45,16 September 2024,17:45
Schedule a meeting 16 September 2024 at 17:45,16 September 2024,17:45
Submit the report 22 September 2024 by 19:45,22 September 2024,19:45
Doctor's appointment 16 September 2024 at 20:00,16 September 2024,20:00
Attend the seminar 16 September 2024 at 18:30,16 September 2024,18:30
Submit the report 22 September 2024 by 8:00,22 September 2024,8:00
Pay the bills 22 September 2024 before 13:15,22 September 2024,13:15
Send the email 15 September 2024 by 17:15,15 September 2024,17:15
Schedule a meeting 22 September 2024 at 11:15,22 September 2024,11:15
Prepare for the conference 15 September 2024 at 18:15,15 September 2024,18:15
Call the client 15 September 2024 at 18:30,15 September 2024,18:30
Attend the seminar 16 September 2024 at 14:00,16 September 2024,14:00
Complete the assignment 16 September 2024 before due date 19:15,16 September 2024,19:15
Pay the bills 22 September 2024 before 10:15,22 September 2024,10:15
Attend the seminar 22 September 2024 at 18:00,22 September 2024,18:00
Complete the assignment 22 September 2024 before due date 10:15,22 September 2024,10:15
Send the email 16 September 2024 by 9:15,16 September 2024,9:15
Complete the assignment 15 September 2024 before due date 19:30,15 September 2024,19:30
Prepare for the conference 16 September 2024 at 14:45,16 September 2024,14:45
Pay the bills 15 September 2024 before 14:15,15 September 2024,14:15
Schedule a meeting 22 September 2024 at 13:15,22 September 2024,13:15
Send the email 16 September 2024 by 11:00,16 September 2024,11:00
Doctor's appointment 15 September 2024 at 13:30,15 September 2024,13:30
Submit the report 22 September 2024 by 20:30,22 September 2024,20:30
Doctor's appointment 15 September 2024 at 15:15,15 September 2024,15:15
Attend the seminar 16 September 2024 at 10:45,16 September 2024,10:45
Schedule a meeting 16 September 2024 at 13:00,16 September 2024,13:00
Send the email 16 September 2024 by 14:15,16 September 2024,14:15
Call the client 22 September 2024 at 9:00,22 September 2024,9:00
Send the email 15 September 2024 by 17:30,15 September 2024,17:30
Attend the seminar 15 September 2024 at 13:00,15 September 2024,13:00
Pay the bills 16 September 2024 before 12:45,16 September 2024,12:45
Send the email 15 September 2024 by 13:45,15 September 2024,13:45
Submit the report 22 September 2024 by 8:00,22 September 2024,8:00
Buy groceries 22 September 2024 around 13:00,22 September 2024,13:00
Doctor's appointment 16 September 2024 at 9:45,16 September 2024,9:45
Complete the assignment 22 September 2024 before due date 15:45,22 September 2024,15:45
Attend the seminar 22 September 2024 at 8:30,22 September 2024,8:30
Prepare for the conference 16 September 2024 at 19:45,16 September 2024,19:45
Call the client 22 September 2024 at 20:45,22 September 2024,20:45
Schedule a meeting 22 September 2024 at 17:00,22 September 2024,17:00
Doctor's appointment 22 September 2024 at 17:00,22 September 2024,17:00
Call the client 15 September 2024 at 9:15,15 September 2024,9:15
Attend the seminar 16 September 2024 at 12:00,16 September 2024,12:00
Submit the report 16 September 2024 by 14:30,16 September 2024,14:30
Buy groceries 22 September 2024 around 9:00,22 September 2024,9:00
Submit the report 22 September 2024 by 19:00,22 September 2024,19:00
Send the email 22 September 2024 by 15:30,22 September 2024,15:30
Prepare for the conference 22 September 2024 at 13:30,22 September 2024,13:30
Schedule a meeting 15 September 2024 at 12:30,15 September 2024,12:30
Complete the assignment 22 September 2024 before due date 20:15,22 September 2024,20:15
Call the client 16 September 2024 at 19:00,16 September 2024,19:00
Schedule a meeting 16 September 2024 at 16:30,16 September 2024,16:30
Complete the assignment 16 September 2024 before due date 18:15,16 September 2024,18:15
Doctor's appointment 16 September 2024 at 13:15,16 September 2024,13:15
Buy groceries 15 September 2024 around 13:30,15 September 2024,13:30
Doctor's appointment 16 September 2024 at 19:30,16 September 2024,19:30
Submit the report 15 September 2024 by 20:15,15 September 2024,20:15
Complete the assignment 16 September 2024 before due date 11:30,16 September 2024,11:30
Schedule a meeting 15 September 2024 at 10:30,15 September 2024,10:30
Schedule a meeting 22 September 2024 at 9:15,22 September 2024,9:15
Submit the report 22 September 2024 by 17:45,22 September 2024,17:45
Prepare for the conference 22 September 2024 at 12:30,22 September 2024,12:30
Send the email 15 September 2024 by 9:30,15 September 2024,9:30
Schedule a meeting 15 September 2024 at 16:30,15 September 2024,16:30
Doctor's appointment 22 September 2024 at 14:00,22 September 2024,14:00
Pay the bills 15 September 2024 before 15:15,15 September 2024,15:15
Doctor's appointment 15 September 2024 at 17:30,15 September 2024,17:30
Send the email 16 September 2024 by 17:15,16 September 2024,17:15
Call the client 16 September 2024 at 14:30,16 September 2024,14:30
Send the email 22 September 2024 by 19:30,22 September 2024,19:30
Pay the bills 22 September 2024 before 18:00,22 September 2024,18:00
Call the client 22 September 2024 at 19:45,22 September 2024,19:45
Attend the seminar 22 September 2024 at 15:45,22 September 2024,15:45
Pay the bills 22 September 2024 before 20:15,22 September 2024,20:15
Call the client 15 September 2024 at 11:15,15 September 2024,11:15
Buy groceries 16 September 2024 around 14:30,16 September 2024,14:30
Attend the seminar 15 September 2024 at 11:15,15 September 2024,11:15
Send the email 22 September 2024 by 9:15,22 September 2024,9:15
Buy groceries 15 September 2024 around 11:30,15 September 2024,11:30
Send the email 15 September 2024 by 16:00,15 September 2024,16:00
Call the client 15 September 2024 at 8:45,15 September 2024,8:45
Call the client 22 September 2024 at 9:30,22 September 2024,9:30
Buy groceries 15 September 2024 around 13:30,15 September 2024,13:30
Buy groceries 16 September 2024 around 18:15,16 September 2024,18:15
Complete the assignment 22 September 2024 before due date 19:00,22 September 2024,19:00
Complete the assignment 16 September 2024 before due date 18:15,16 September 2024,18:15
Pay the bills 22 September 2024 before 18:15,22 September 2024,18:15
Buy groceries 22 September 2024 around 14:15,22 September 2024,14:15
Attend the seminar 22 September 2024 at 18:30,22 September 2024,18:30
Schedule a meeting 15 September 2024 at 10:45,15 September 2024,10:45
Send the email 15 September 2024 by 12:45,15 September 2024,12:45
Pay the bills 22 September 2024 before 16:00,22 September 2024,16:00
Attend the seminar 22 September 2024 at 9:15,22 September 2024,9:15
Attend the seminar 16 September 2024 at 18:45,16 September 2024,18:45
Submit the report 16 September 2024 by 14:30,16 September 2024,14:30
Doctor's appointment 16 September 2024 at 16:00,16 September 2024,16:00
Call the client 15 September 2024 at 14:15,15 September 2024,14:15
Doctor's appointment 22 September 2024 at 20:15,22 September 2024,20:15
Complete the assignment 15 September 2024 before due date 19:15,15 September 2024,19:15
Schedule a meeting 22 September 2024 at 10:45,22 September 2024,10:45
Attend the seminar 15 September 2024 at 19:45,15 September 2024,19:45
Complete the assignment 15 September 2024 before due date 14:00,15 September 2024,14:00
Send the email 22 September 2024 by 19:30,22 September 2024,19:30
Call the client 15 September 2024 at 13:00,15 September 2024,13:00
Buy groceries 15 September 2024 around 10:00,15 September 2024,10:00
Doctor's appointment 22 September 2024 at 20:45,22 September 2024,20:45
Doctor's appointment 15 September 2024 at 13:00,15 September 2024,13:00
Attend the seminar 15 September 2024 at 15:45,15 September 2024,15:45
Submit the report 16 September 2024 by 9:30,16 September 2024,9:30
Doctor's appointment 15 September 2024 at 8:15,15 September 2024,8:15
Buy groceries 22 September 2024 around 14:45,22 September 2024,14:45
Attend the seminar 22 September 2024 at 8:00,22 September 2024,8:00
Prepare for the conference 16 September 2024 at 8:15,16 September 2024,8:15
Prepare for the conference 16 September 2024 at 14:30,16 September 2024,14:30
Send the email 15 September 2024 by 20:00,15 September 2024,20:00
Complete the assignment 22 September 2024 before due date 19:30,22 September 2024,19:30
Doctor's appointment 22 September 2024 at 19:30,22 September 2024,19:30
Call the client 16 September 2024 at 8:00,16 September 2024,8:00
Doctor's appointment 16 September 2024 at 9:15,16 September 2024,9:15
Pay the bills 16 September 2024 before 16:00,16 September 2024,16:00
Prepare for the conference 15 September 2024 at 9:30,15 September 2024,9:30
Complete the assignment 16 September 2024 before due date 8:45,16 September 2024,8:45
Buy groceries 22 September 2024 around 14:00,22 September 2024,14:00
Call the client 16 September 2024 at 20:45,16 September 2024,20:45
Pay the bills 22 September 2024 before 11:30,22 September 2024,11:30
Send the email 16 September 2024 by 16:45,16 September 2024,16:45
Buy groceries 15 September 2024 around 10:15,15 September 2024,10:15
Send the email 22 September 2024 by 14:00,22 September 2024,14:00
Complete the assignment 16 September 2024 before due date 15:30,16 September 2024,15:30
Prepare for the conference 16 September 2024 at 15:15,16 September 2024,15:15
Submit the report 16 September 2024 by 18:15,16 September 2024,18:15
Pay the bills 16 September 2024 before 8:45,16 September 2024,8:45
Doctor's appointment 15 September 2024 at 16:00,15 September 2024,16:00
Submit the report 16 September 2024 by 9:00,16 September 2024,9:00
Doctor's appointment 15 September 2024 at 14:00,15 September 2024,14:00
Send the email 22 September 2024 by 13:45,22 September 2024,13:45
Attend the seminar 16 September 2024 at 10:45,16 September 2024,10:45
Doctor's appointment 16 September 2024 at 14:45,16 September 2024,14:45
Complete the assignment 22 September 2024 before due date 8:30,22 September 2024,8:30
Prepare for the conference 16 September 2024 at 16:15,16 September 2024,16:15
Attend the seminar 15 September 2024 at 12:00,15 September 2024,12:00
Prepare for the conference 16 September 2024 at 15:45,16 September 2024,15:45
Call the client 15 September 2024 at 17:30,15 September 2024,17:30
Submit the report 15 September 2024 by 13:45,15 September 2024,13:45
Send the email 15 September 2024 by 12:00,15 September 2024,12:00
Submit the report 16 September 2024 by 19:00,16 September 2024,19:00
Call the client 22 September 2024 at 19:30,22 September 2024,19:30
Pay the bills 22 September 2024 before 18:15,22 September 2024,18:15
Complete the assignment 15 September 2024 before due date 13:15,15 September 2024,13:15
Send the email 15 September 2024 by 10:30,15 September 2024,10:30
Buy groceries 22 September 2024 around 12:15,22 September 2024,12:15
Complete the assignment 15 September 2024 before due date 11:15,15 September 2024,11:15
Submit the report 16 September 2024 by 19:30,16 September 2024,19:30
Buy groceries 16 September 2024 around 19:30,16 September 2024,19:30
Pay the bills 16 September 2024 before 14:30,16 September 2024,14:30
Send the email 16 September 2024 by 13:45,16 September 2024,13:45
Pay the bills 16 September 2024 before 16:45,16 September 2024,16:45
Prepare for the conference 16 September 2024 at 12:00,16 September 2024,12:00
Schedule a meeting 16 September 2024 at 18:15,16 September 2024,18:15
Prepare for the conference 16 September 2024 at 17:15,16 September 2024,17:15
Attend the seminar 16 September 2024 at 13:30,16 September 2024,13:30
Submit the report 15 September 2024 by 11:00,15 September 2024,11:00
Call the client 15 September 2024 at 8:45,15 September 2024,8:45
Complete the assignment 22 September 2024 before due date 18:00,22 September 2024,18:00
Pay the bills 15 September 2024 before 11:15,15 September 2024,11:15
Prepare for the conference 15 September 2024 at 14:15,15 September 2024,14:15
Schedule a meeting 15 September 2024 at 8:00,15 September 2024,8:00
Call the client 15 September 2024 at 16:30,15 September 2024,16:30
Send the email 16 September 2024 by 13:45,16 September 2024,13:45
Prepare for the conference 22 September 2024 at 15:45,22 September 2024,15:45
Doctor's appointment 16 September 2024 at 13:30,16 September 2024,13:30
Attend the seminar 16 September 2024 at 14:00,16 September 2024,14:00
Complete the assignment 22 September 2024 before due date 11:00,22 September 2024,11:00
Schedule a meeting 15 September 2024 at 11:30,15 September 2024,11:30
Schedule a meeting 16 September 2024 at 19:15,16 September 2024,19:15
Call the client 15 September 2024 at 15:00,15 September 2024,15:00
Schedule a meeting 16 September 2024 at 18:15,16 September 2024,18:15
Buy groceries 22 September 2024 around 20:15,22 September 2024,20:15
Submit the report 15 September 2024 by 17:45,15 September 2024,17:45
Submit the report 16 September 2024 by 12:00,16 September 2024,12:00
Complete the assignment 22 September 2024 before due date 17:45,22 September 2024,17:45
Doctor's appointment 16 September 2024 at 11:30,16 September 2024,11:30
Complete the assignment 22 September 2024 before due date 17:15,22 September 2024,17:15
Doctor's appointment 22 September 2024 at 13:45,22 September 2024,13:45
Prepare for the conference 22 September 2024 at 20:15,22 September 2024,20:15
Call the client 22 September 2024 at 10:00,22 September 2024,10:00
Submit the report 22 September 2024 by 19:15,22 September 2024,19:15
Pay the bills 15 September 2024 before 13:15,15 September 2024,13:15
Pay the bills 16 September 2024 before 20:00,16 September 2024,20:00
Doctor's appointment 15 September 2024 at 13:30,15 September 2024,13:30
Buy groceries 22 September 2024 around 17:45,22 September 2024,17:45
Doctor's appointment 15 September 2024 at 13:45,15 September 2024,13:45
Complete the assignment 22 September 2024 before due date 17:45,22 September 2024,17:45
Doctor's appointment 15 September 2024 at 10:30,15 September 2024,10:30
Pay the bills 22 September 2024 before 10:45,22 September 2024,10:45
Submit the report 16 September 2024 by 17:30,16 September 2024,17:30
Pay the bills 15 September 2024 before 13:00,15 September 2024,13:00
Complete the assignment 15 September 2024 before due date 10:45,15 September 2024,10:45
Call the client 15 September 2024 at 16:45,15 September 2024,16:45
Call the client 16 September 2024 at 11:45,16 September 2024,11:45
Call the client 16 September 2024 at 19:00,16 September 2024,19:00
Pay the bills 15 September 2024 before 10:45,15 September 2024,10:45
Doctor's appointment 22 September 2024 at 16:00,22 September 2024,16:00
Submit the report 16 September 2024 by 15:45,16 September 2024,15:45
Complete the assignment 15 September 2024 before due date 19:00,15 September 2024,19:00
Call the client 22 September 2024 at 9:30,22 September 2024,9:30
Prepare for the conference 16 September 2024 at 14:30,16 September 2024,14:30
Call the client 16 September 2024 at 19:45,16 September 2024,19:45
Schedule a meeting 22 September 2024 at 14:15,22 September 2024,14:15
Attend the seminar 15 September 2024 at 17:15,15 September 2024,17:15
Attend the seminar 16 September 2024 at 14:15,16 September 2024,14:15
Doctor's appointment 15 September 2024 at 9:45,15 September 2024,9:45
Call the client 16 September 2024 at 13:00,16 September 2024,13:00
Attend the seminar 15 September 2024 at 16:15,15 September 2024,16:15
Send the email 16 September 2024 by 17:45,16 September 2024,17:45
Complete the assignment 15 September 2024 before due date 13:45,15 September 2024,13:45
Attend the seminar 22 September 2024 at 17:45,22 September 2024,17:45
Submit the report 16 September 2024 by 15:00,16 September 2024,15:00
Submit the report 15 September 2024 by 11:15,15 September 2024,11:15
Complete the assignment 16 September 2024 before due date 8:45,16 September 2024,8:45
Doctor's appointment 22 September 2024 at 19:00,22 September 2024,19:00
Call the client 15 September 2024 at 9:15,15 September 2024,9:15
Attend the seminar 22 September 2024 at 12:00,22 September 2024,12:00
Submit the report 15 September 2024 by 15:30,15 September 2024,15:30
Call the client 15 September 2024 at 8:30,15 September 2024,8:30
Call the client 15 September 2024 at 13:45,15 September 2024,13:45
Pay the bills 16 September 2024 before 20:30,16 September 2024,20:30
Submit the report 22 September 2024 by 20:30,22 September 2024,20:30
Complete the assignment 15 September 2024 before due date 12:45,15 September 2024,12:45
Buy groceries 22 September 2024 around 15:15,22 September 2024,15:15
Call the client 22 September 2024 at 8:15,22 September 2024,8:15
Attend the seminar 16 September 2024 at 10:45,16 September 2024,10:45
Submit the report 22 September 2024 by 16:30,22 September 2024,16:30
Buy groceries 22 September 2024 around 8:00,22 September 2024,8:00
Call the client 22 September 2024 at 16:00,22 September 2024,16:00
Complete the assignment 15 September 2024 before due date 14:30,15 September 2024,14:30
Send the email 16 September 2024 by 20:00,16 September 2024,20:00
Send the email 15 September 2024 by 8:00,15 September 2024,8:00
Send the email 15 September 2024 by 9:30,15 September 2024,9:30
Buy groceries 16 September 2024 around 19:30,16 September 2024,19:30
Submit the report 15 September 2024 by 19:45,15 September 2024,19:45
Schedule a meeting 16 September 2024 at 12:45,16 September 2024,12:45
Send the email 16 September 2024 by 20:00,16 September 2024,20:00
Schedule a meeting 16 September 2024 at 19:15,16 September 2024,19:15
Schedule a meeting 15 September 2024 at 17:15,15 September 2024,17:15
Call the client 16 September 2024 at 11:15,16 September 2024,11:15
Attend the seminar 22 September 2024 at 8:00,22 September 2024,8:00
Send the email 22 September 2024 by 8:00,22 September 2024,8:00
Complete the assignment 15 September 2024 before due date 15:00,15 September 2024,15:00
Pay the bills 22 September 2024 before 19:30,22 September 2024,19:30
Call the client 16 September 2024 at 11:15,16 September 2024,11:15
Buy groceries 22 September 2024 around 16:30,22 September 2024,16:30
Buy groceries 15 September 2024 around 17:30,15 September 2024,17:30
Prepare for the conference 16 September 2024 at 14:45,16 September 2024,14:45
Doctor's appointment 15 September 2024 at 13:45,15 September 2024,13:45
Send the email 15 September 2024 by 20:30,15 September 2024,20:30
Doctor's appointment 16 September 2024 at 19:45,16 September 2024,19:45
Send the email 16 September 2024 by 19:00,16 September 2024,19:00
Attend the seminar 15 September 2024 at 17:45,15 September 2024,17:45
Buy groceries 16 September 2024 around 8:00,16 September 2024,8:00
Send the email 22 September 2024 by 17:30,22 September 2024,17:30
Buy groceries 16 September 2024 around 11:30,16 September 2024,11:30
Doctor's appointment 22 September 2024 at 11:30,22 September 2024,11:30
Call the client 16 September 2024 at 13:15,16 September 2024,13:15
Attend the seminar 15 September 2024 at 17:30,15 September 2024,17:30
Call the client 22 September 2024 at 15:30,22 September 2024,15:30
Pay the bills 16 September 2024 before 15:30,16 September 2024,15:30
Schedule a meeting 22 September 2024 at 20:15,22 September 2024,20:15
Submit the report 22 September 2024 by 11:15,22 September 2024,11:15
Call the client 22 September 2024 at 10:45,22 September 2024,10:45
Send the email 22 September 2024 by 14:15,22 September 2024,14:15
Attend the seminar 16 September 2024 at 8:30,16 September 2024,8:30
Submit the report 16 September 2024 by 10:30,16 September 2024,10:30
Attend the seminar 15 September 2024 at 14:15,15 September 2024,14:15
Pay the bills 22 September 2024 before 16:00,22 September 2024,16:00
Buy groceries 16 September 2024 around 9:15,16 September 2024,9:15
Call the client 15 September 2024 at 8:00,15 September 2024,8:00
Complete the assignment 16 September 2024 before due date 15:30,16 September 2024,15:30
Send the email 16 September 2024 by 20:15,16 September 2024,20:15
Schedule a meeting 22 September 2024 at 11:15,22 September 2024,11:15
Submit the report 22 September 2024 by 17:00,22 September 2024,17:00
Schedule a meeting 16 September 2024 at 16:15,16 September 2024,16:15
Doctor's appointment 16 September 2024 at 13:00,16 September 2024,13:00
Call the client 16 September 2024 at 20:00,16 September 2024,20:00
Attend the seminar 15 September 2024 at 14:00,15 September 2024,14:00
Send the email 16 September 2024 by 16:00,16 September 2024,16:00
Doctor's appointment 22 September 2024 at 19:00,22 September 2024,19:00
Buy groceries 16 September 2024 around 12:15,16 September 2024,12:15
Doctor's appointment 16 September 2024 at 19:00,16 September 2024,19:00
Complete the assignment 16 September 2024 before due date 19:30,16 September 2024,19:30
Send the email 22 September 2024 by 17:15,22 September 2024,17:15
Send the email 16 September 2024 by 12:15,16 September 2024,12:15
Pay the bills 16 September 2024 before 10:15,16 September 2024,10:15
Prepare for the conference 22 September 2024 at 10:15,22 September 2024,10:15
Buy groceries 22 September 2024 around 15:30,22 September 2024,15:30
Buy groceries 16 September 2024 around 11:15,16 September 2024,11:15
Schedule a meeting 22 September 2024 at 13:45,22 September 2024,13:45
Schedule a meeting 15 September 2024 at 14:30,15 September 2024,14:30
Attend the seminar 22 September 2024 at 11:00,22 September 2024,11:00
Complete the assignment 22 September 2024 before due date 16:15,22 September 2024,16:15
Call the client 22 September 2024 at 17:45,22 September 2024,17:45
Prepare for the conference 22 September 2024 at 13:15,22 September 2024,13:15
Buy groceries 16 September 2024 around 13:15,16 September 2024,13:15
Complete the assignment 16 September 2024 before due date 14:30,16 September 2024,14:30
Prepare for the conference 16 September 2024 at 12:00,16 September 2024,12:00
Schedule a meeting 15 September 2024 at 14:15,15 September 2024,14:15
Attend the seminar 15 September 2024 at 20:30,15 September 2024,20:30
Complete the assignment 16 September 2024 before due date 17:15,16 September 2024,17:15
Doctor's appointment 22 September 2024 at 12:30,22 September 2024,12:30
Send the email 22 September 2024 by 12:30,22 September 2024,12:30
Attend the seminar 15 September 2024 at 17:45,15 September 2024,17:45
Doctor's appointment 22 September 2024 at 15:45,22 September 2024,15:45
Submit the report 16 September 2024 by 15:15,16 September 2024,15:15
Buy groceries 15 September 2024 around 8:15,15 September 2024,8:15
Complete the assignment 15 September 2024 before due date 9:45,15 September 2024,9:45
Doctor's appointment 15 September 2024 at 12:00,15 September 2024,12:00
Prepare for the conference 15 September 2024 at 18:00,15 September 2024,18:00
Doctor's appointment 22 September 2024 at 14:45,22 September 2024,14:45
Attend the seminar 22 September 2024 at 20:30,22 September 2024,20:30
Prepare for the conference 15 September 2024 at 18:15,15 September 2024,18:15
Attend the seminar 16 September 2024 at 20:00,16 September 2024,20:00
Buy groceries 15 September 2024 around 19:15,15 September 2024,19:15
Buy groceries 16 September 2024 around 14:00,16 September 2024,14:00
Attend the seminar 16 September 2024 at 18:15,16 September 2024,18:15
Schedule a meeting 15 September 2024 at 8:00,15 September 2024,8:00
Doctor's appointment 16 September 2024 at 19:45,16 September 2024,19:45
Call the client 15 September 2024 at 8:45,15 September 2024,8:45
Submit the report 22 September 2024 by 19:15,22 September 2024,19:15
Call the client 15 September 2024 at 9:45,15 September 2024,9:45
Submit the report 16 September 2024 by 13:00,16 September 2024,13:00
Schedule a meeting 22 September 2024 at 17:15,22 September 2024,17:15
Submit the report 15 September 2024 by 9:00,15 September 2024,9:00
Complete the assignment 22 September 2024 before due date 11:00,22 September 2024,11:00
Pay the bills 16 September 2024 before 17:45,16 September 2024,17:45
Attend the seminar 15 September 2024 at 8:00,15 September 2024,8:00
Send the email 16 September 2024 by 13:45,16 September 2024,13:45
Attend the seminar 15 September 2024 at 20:30,15 September 2024,20:30
Doctor's appointment 15 September 2024 at 9:30,15 September 2024,9:30
Prepare for the conference 15 September 2024 at 20:00,15 September 2024,20:00
Doctor's appointment 22 September 2024 at 9:00,22 September 2024,9:00
Prepare for the conference 16 September 2024 at 11:30,16 September 2024,11:30
Pay the bills 15 September 2024 before 15:15,15 September 2024,15:15
Prepare for the conference 16 September 2024 at 13:30,16 September 2024,13:30
Doctor's appointment 22 September 2024 at 8:30,22 September 2024,8:30
Pay the bills 22 September 2024 before 14:00,22 September 2024,14:00
Call the client 16 September 2024 at 14:45,16 September 2024,14:45
Complete the assignment 16 September 2024 before due date 14:15,16 September 2024,14:15
Schedule a meeting 16 September 2024 at 9:00,16 September 2024,9:00
Submit the report 22 September 2024 by 19:30,22 September 2024,19:30
Complete the assignment 15 September 2024 before due date 19:45,15 September 2024,19:45
Attend the seminar 22 September 2024 at 13:30,22 September 2024,13:30
Doctor's appointment 22 September 2024 at 19:00,22 September 2024,19:00
Attend the seminar 16 September 2024 at 12:15,16 September 2024,12:15
Prepare for the conference 15 September 2024 at 8:45,15 September 2024,8:45
Prepare for the conference 16 September 2024 at 11:30,16 September 2024,11:30
Send the email 15 September 2024 by 13:45,15 September 2024,13:45
Pay the bills 16 September 2024 before 11:00,16 September 2024,11:00
Attend the seminar 16 September 2024 at 14:30,16 September 2024,14:30
Send the email 15 September 2024 by 12:00,15 September 2024,12:00
Complete the assignment 16 September 2024 before due date 19:00,16 September 2024,19:00
Call the client 15 September 2024 at 11:00,15 September 2024,11:00
Buy groceries 16 September 2024 around 18:15,16 September 2024,18:15
Complete the assignment 16 September 2024 before due date 14:30,16 September 2024,14:30
Buy groceries 16 September 2024 around 10:45,16 September 2024,10:45
Schedule a meeting 22 September 2024 at 17:45,22 September 2024,17:45
Prepare for the conference 22 September 2024 at 16:45,22 September 2024,16:45
Pay the bills 15 September 2024 before 15:00,15 September 2024,15:00
Call the client 16 September 2024 at 13:30,16 September 2024,13:30
Complete the assignment 22 September 2024 before due date 14:00,22 September 2024,14:00
Schedule a meeting 15 September 2024 at 16:45,15 September 2024,16:45
Doctor's appointment 15 September 2024 at 20:30,15 September 2024,20:30
Schedule a meeting 15 September 2024 at 13:30,15 September 2024,13:30
Complete the assignment 15 September 2024 before due date 15:30,15 September 2024,15:30
Submit the report 15 September 2024 by 16:30,15 September 2024,16:30
Buy groceries 15 September 2024 around 13:00,15 September 2024,13:00
Submit the report 15 September 2024 by 13:00,15 September 2024,13:00
Doctor's appointment 16 September 2024 at 8:15,16 September 2024,8:15
Buy groceries 22 September 2024 around 8:15,22 September 2024,8:15
Schedule a meeting 16 September 2024 at 20:30,16 September 2024,20:30
Complete the assignment 15 September 2024 before due date 9:00,15 September 2024,9:00
Complete the assignment 16 September 2024 before due date 14:45,16 September 2024,14:45
Send the email 16 September 2024 by 12:30,16 September 2024,12:30
Doctor's appointment 15 September 2024 at 19:30,15 September 2024,19:30
Buy groceries 22 September 2024 around 15:00,22 September 2024,15:00
Complete the assignment 16 September 2024 before due date 19:45,16 September 2024,19:45
Call the client 15 September 2024 at 10:30,15 September 2024,10:30
Attend the seminar 16 September 2024 at 12:45,16 September 2024,12:45
Doctor's appointment 15 September 2024 at 19:15,15 September 2024,19:15
Attend the seminar 16 September 2024 at 13:45,16 September 2024,13:45
Submit the report 15 September 2024 by 15:30,15 September 2024,15:30
Send the email 15 September 2024 by 19:45,15 September 2024,19:45
Schedule a meeting 22 September 2024 at 13:15,22 September 2024,13:15
Prepare for the conference 15 September 2024 at 8:30,15 September 2024,8:30
Call the client 16 September 2024 at 20:45,16 September 2024,20:45
Call the client 22 September 2024 at 9:45,22 September 2024,9:45
Send the email 22 September 2024 by 18:30,22 September 2024,18:30
Doctor's appointment 22 September 2024 at 13:00,22 September 2024,13:00
Buy groceries 16 September 2024 around 10:00,16 September 2024,10:00
Call the client 22 September 2024 at 14:45,22 September 2024,14:45
Send the email 16 September 2024 by 19:00,16 September 2024,19:00
Attend the seminar 22 September 2024 at 16:30,22 September 2024,16:30
Prepare for the conference 22 September 2024 at 20:15,22 September 2024,20:15
Doctor's appointment 15 September 2024 at 13:15,15 September 2024,13:15
Attend the seminar 15 September 2024 at 19:45,15 September 2024,19:45
Call the client 22 September 2024 at 17:15,22 September 2024,17:15
Call the client 16 September 2024 at 12:15,16 September 2024,12:15
Pay the bills 22 September 2024 before 10:15,22 September 2024,10:15
Buy groceries 15 September 2024 around 17:30,15 September 2024,17:30
Pay the bills 15 September 2024 before 13:30,15 September 2024,13:30
Complete the assignment 16 September 2024 before due date 17:30,16 September 2024,17:30
Doctor's appointment 15 September 2024 at 20:30,15 September 2024,20:30
Call the client 22 September 2024 at 11:45,22 September 2024,11:45
Attend the seminar 22 September 2024 at 9:45,22 September 2024,9:45
Doctor's appointment 15 September 2024 at 15:30,15 September 2024,15:30
Doctor's appointment 16 September 2024 at 14:15,16 September 2024,14:15
Call the client 22 September 2024 at 9:00,22 September 2024,9:00
Schedule a meeting 16 September 2024 at 17:30,16 September 2024,17:30
Buy groceries 16 September 2024 around 13:15,16 September 2024,13:15
Complete the assignment 16 September 2024 before due date 16:00,16 September 2024,16:00
Send the email 16 September 2024 by 12:45,16 September 2024,12:45
Buy groceries 15 September 2024 around 18:30,15 September 2024,18:30
Submit the report 22 September 2024 by 12:45,22 September 2024,12:45
Call the client 15 September 2024 at 18:30,15 September 2024,18:30
Pay the bills 16 September 2024 before 14:15,16 September 2024,14:15
Complete the assignment 16 September 2024 before due date 17:15,16 September 2024,17:15
Doctor's appointment 22 September 2024 at 17:15,22 September 2024,17:15
Send the email 16 September 2024 by 9:30,16 September 2024,9:30
Prepare for the conference 15 September 2024 at 11:00,15 September 2024,11:00
Complete the assignment 15 September 2024 before due date 20:30,15 September 2024,20:30
Call the client 22 September 2024 at 14:00,22 September 2024,14:00
Submit the report 22 September 2024 by 9:30,22 September 2024,9:30
Prepare for the conference 22 September 2024 at 10:00,22 September 2024,10:00
Submit the report 15 September 2024 by 8:15,15 September 2024,8:15
Call the client 15 September 2024 at 8:00,15 September 2024,8:00
Pay the bills 15 September 2024 before 14:30,15 September 2024,14:30
Prepare for the conference 16 September 2024 at 20:30,16 September 2024,20:30
Submit the report 16 September 2024 by 11:15,16 September 2024,11:15
Call the client 15 September 2024 at 11:45,15 September 2024,11:45
Schedule a meeting 16 September 2024 at 18:15,16 September 2024,18:15
Pay the bills 22 September 2024 before 8:30,22 September 2024,8:30
Submit the report 22 September 2024 by 14:15,22 September 2024,14:15
Call the client 22 September 2024 at 18:00,22 September 2024,18:00
Doctor's appointment 15 September 2024 at 20:45,15 September 2024,20:45
Send the email 22 September 2024 by 8:30,22 September 2024,8:30
Complete the assignment 16 September 2024 before due date 14:30,16 September 2024,14:30
Prepare for the conference 16 September 2024 at 18:15,16 September 2024,18:15
Schedule a meeting 15 September 2024 at 20:15,15 September 2024,20:15
Buy groceries 22 September 2024 around 18:45,22 September 2024,18:45
Prepare for the conference 15 September 2024 at 20:15,15 September 2024,20:15
Complete the assignment 16 September 2024 before due date 10:45,16 September 2024,10:45
Pay the bills 15 September 2024 before 17:00,15 September 2024,17:00
Call the client 22 September 2024 at 14:45,22 September 2024,14:45
Attend the seminar 16 September 2024 at 20:30,16 September 2024,20:30
Attend the seminar 15 September 2024 at 18:15,15 September 2024,18:15
Schedule a meeting 15 September 2024 at 9:30,15 September 2024,9:30
Pay the bills 16 September 2024 before 13:15,16 September 2024,13:15
Call the client 15 September 2024 at 8:30,15 September 2024,8:30
Attend the seminar 22 September 2024 at 8:30,22 September 2024,8:30
Submit the report 15 September 2024 by 18:30,15 September 2024,18:30
Schedule a meeting 16 September 2024 at 19:00,16 September 2024,19:00
Pay the bills 16 September 2024 before 18:30,16 September 2024,18:30
Complete the assignment 16 September 2024 before due date 18:30,16 September 2024,18:30
Submit the report 22 September 2024 by 11:15,22 September 2024,11:15
